video link,video views,uploaded date,comments,likes,dislikes
https://www.youtube.com/watch?v=SH6cOL-HRHU,"17,409 views","Dec 19, 2018","['*Special Offer 20% Off*. Complete Data Science Online Training Program. Earn a data science degree at your own pace. Access your 20% off here: http://bit.ly/2IzEbUB', 'This video is under view for the amount of useful information in it.', 'Awesome! I really like the video thanks', 'Which editor do yoi use? Is it free or paid?', 'Sir please repply my comments', 'Good', 'Sir i want to be a data scientists    i am in 10th so...\nWhat dregee and course should i follow to be a data scientists', 'A bachelor degree is enough for Prodatascientist']",742,12
https://www.youtube.com/watch?v=3gssAG0agO8,"11,190 views","Apr 9, 2020","['üëâ No programming knowledge? Learn more about our courses and get ** 20% OFF** all plans! ‚úÖhttps://bit.ly/2y1QU0m\n#transitionintodatascience #economicsdegree #careerchange #datascience #career #econmajor #economicsjobs', 'Oh!!! IS THIS a new series?? Transitioning to data science from economics is awesome but can you do one for transitioning from computer science please??', 'My economics background is really helping me with all that. :)', ""I'm 41 and I'm studying Python...I'm an economist,,,,,, do I have a chance."", 'Using social science advantage sounds really important tho..', 'Wow, I had no idea Econ graduates had so much going on!', ""I am planning to do bachelor's in economics with data science ....\nWill it be a good step ????"", 'Seems that i have to put some effort on the analytical part of my work. Thanks for helping me out 365!', 'Having the problem solving skills myself makes me feel really comfortable about this whole thing.', 'Haha! I definitely have that D-S and C-S graduate mindset .. :D']",362,5
https://www.youtube.com/watch?v=Wj-RWJjKsEw,795 views,Streamed live 7 hours ago,[],31,0
https://www.youtube.com/watch?v=1vn6RGKUSNc,911 views,Streamed live 13 hours ago,[],34,2
https://www.youtube.com/watch?v=QizsAE4fBpQ,"335,265 views","Oct 5, 2017","['That was fantastic.  Very informative.  Thank you!', 'Wow thanks a lot for explanation, I was very confused until you came up!', 'Thank you so much sir. You really cleared my doubt', 'I feel like I am inside of a tunnel.', 'Helpful. Thank you.', 'Thank you sir.', 'Very clear and informative. Thanks.whats the presentation tool u r using?', 'Thanks so much.', 'Excuse me sir can u pls help me out actually i liked d way u teach iam applying for MS in data science in us. My doubt is the online courses u give on AI/ML will they deviate me from data science r do u also provide courses for data science pls reply im very confused', 'Nice explanation sir...']",2.8K,140
https://www.youtube.com/watch?v=jYlaIo0LGeI,169 views,"Jul 22, 2020",[],2,0
https://www.youtube.com/watch?v=LO49IxE7QkI,"25,089 views","Oct 29, 2015",[],105,2
https://www.youtube.com/watch?v=-D_5towHpV0,969 views,"Dec 3, 2019","['Science is just a fancy word for learning about complex stuff, that‚Äôs all. \nGo outside and tell whether it is day or night. Then wait 6, 12 and 18 hours an look again. Is your answer still valid? Has it been a fact? \n Facts depend on a context. Context requires tedious work of understanding things.', 'Bro I have an urgent question.In my college I have to take specialisation from 2nd year.I am confused as my interest towards data science and cyber security is same.I have to take either one of them.\nI want to take that specialisation which will be easier, which requires less study and work.So is data science easy or cyber security??', 'Thank you very much for a nice video.\nI wonder if you can comment on my complicated situation:\nI am a 35 year of old and have a business graduation majoring in Management Information System and Finance. Now, I am planning to change my career by preparing me either for software engineering or for data science. I shall be living either in the UK or in Australia.', 'dude u doing a great job.. keep on making such videos..']",33,0
https://www.youtube.com/watch?v=-pVOoKrBtL8,"3,790 views","Mar 23, 2020","['I came here after looking your article on medium.', 'Woohoo! Excited already! Looking forward to being a part of your class.! üòÉ', 'Hii,\nI am getting the below error on all lines of my Jupyter notebook when I run voila command:', 'You go boy!!!! And of course logo is really nice. ü§™', 'Dude, I want to learn this!!!', 'Sir, i am really excited I always want that type of channel. You are doing great job.', 'Just read your article on freecodecamp!', 'Looking forward to learn more from your upcoming videos!!...', 'Keep uploading', 'bro keep it Up..Please upload videos regularly..I am learning a lot from you']",177,1
https://www.youtube.com/watch?v=4kdaUIR_HBg,"5,553 views","Apr 28, 2020","['very good!! \n‡πÅ‡∏ï‡πà‡πÄ‡∏™‡∏µ‡∏¢‡∏á‡∏û‡∏π‡∏î‡∏Ñ‡πà‡∏≠‡∏ô‡∏Ç‡πâ‡∏≤‡∏á‡πÄ‡∏ö‡∏≤‡∏Ñ‡∏£‡∏±‡∏ö ‡πÄ‡∏û‡∏•‡∏á‡∏ó‡∏µ‡πà 0:27 ‡∏î‡∏±‡∏á‡∏Å‡∏ß‡πà‡∏≤‡∏°‡∏≤‡∏Å ‡∏ï‡∏Å‡πÉ‡∏à‡πÄ‡∏•‡∏¢', '‡∏Ç‡∏≠‡∏ö‡∏Ñ‡∏∏‡∏ì‡∏°‡∏≤‡∏Å‡πÄ‡∏•‡∏¢‡∏Ñ‡∏£‡∏±‡∏ö ‡πÄ‡∏´‡πá‡∏ô‡∏ï‡∏±‡∏ß‡πÄ‡∏≠‡∏á‡∏ä‡∏±‡∏î‡∏Ç‡∏∂‡πâ‡∏ô‡πÄ‡∏¢‡∏≠‡∏∞‡πÄ‡∏•‡∏¢', '‡∏ó‡∏≥‡πÑ‡∏° data scientist ‡∏°‡∏µ‡∏°‡∏≤‡∏ô‡∏≤‡∏ô‡∏´‡∏•‡∏≤‡∏¢‡∏™‡∏¥‡∏ö‡∏õ‡∏µ‡πÅ‡∏•‡πâ‡∏ß‡πÅ‡∏ï‡πà‡πÄ‡∏û‡∏¥‡πà‡∏á‡∏°‡∏≤‡∏ö‡∏π‡∏°‡πÄ‡∏≠‡∏≤‡∏ä‡πà‡∏ß‡∏á‡∏´‡∏•‡∏±‡∏á‡∏Ñ‡∏£‡∏±‡∏ö‡∏≠‡∏≤‡∏à‡∏≤‡∏£‡∏¢‡πå ‡∏ú‡∏°‡∏≠‡∏¢‡∏≤‡∏Å‡∏ó‡∏£‡∏≤‡∏ö‡∏à‡∏£‡∏¥‡∏á‡πÜ‡∏ß‡πà‡∏≤‡∏ó‡∏≥‡πÑ‡∏°', '""‡∏û‡∏ß‡∏Å‡∏ó‡∏µ‡πà‡∏≠‡∏¢‡∏π‡πà‡∏ô‡∏≤‡∏ô‡πÜ ‡∏≠‡∏¢‡∏π‡πà‡∏ó‡∏ô‡πÜ‡πÑ‡∏°‡πà‡∏£‡∏ß‡∏¢‡∏™‡∏±‡∏Å‡∏ó‡∏µ"" ‡∏≠‡∏±‡∏ô‡∏ô‡∏µ‡πâ‡∏ñ‡∏π‡∏Å‡∏ï‡πâ‡∏≠‡∏á‡∏Ñ‡πà‡∏∞ 55555', '‡πÇ‡∏î‡∏ô‡πÉ‡∏à‡∏°‡∏≤‡∏Å‡πÄ‡∏•‡∏¢‡∏Ñ‡∏£‡∏±‡∏ö‡∏≠‡∏≤‡∏à‡∏≤‡∏£‡∏¢‡πå ‡∏£‡∏≠‡∏ï‡∏¥‡∏î‡∏ï‡∏≤‡∏°‡∏ï‡∏≠‡∏ô‡∏ï‡πà‡∏≠‡πÑ‡∏õ‡∏Ñ‡∏£‡∏±‡∏ö', '‡∏ä‡∏≠‡∏ö‡∏°‡∏≤‡∏Å‡∏Ñ‡∏£‡∏±‡∏ö ‡∏£‡∏≠‡∏ï‡∏¥‡∏î‡∏ï‡∏≤‡∏°‡∏ï‡πà‡∏≠‡∏Ñ‡∏£‡∏±‡∏ö', '‡∏ú‡∏°‡πÄ‡∏Ñ‡∏¢‡πÄ‡∏Ç‡πâ‡∏≤‡πÑ‡∏õ‡∏á‡∏≤‡∏ô‡∏ß‡∏¥‡∏ä‡∏≤‡∏Å‡∏≤‡∏£‡∏ó‡∏µ‡πà‡∏ô‡∏¥‡∏î‡πâ‡∏≤‡∏à‡∏±‡∏î ‡πÄ‡∏à‡∏≠‡∏≠‡∏≤‡∏£‡∏à‡∏≤‡∏£‡∏¢‡πå‡∏ö‡∏£‡∏£‡∏¢‡∏≤‡∏¢ ‡∏õ‡∏£‡∏∞‡∏ó‡∏±‡∏ö‡πÉ‡∏à‡∏°‡∏≤‡∏Å‡∏Ñ‡∏±‡∏ö ‡∏ï‡∏¥‡∏î‡∏ï‡∏≤‡∏°‡πÜ', '‡∏ä‡∏≠‡∏ö‡∏ô‡πâ‡∏≠‡∏á‡∏•‡∏≤ ‡∏Å‡∏±‡∏ö Unicorn', '‡πÄ‡∏¢‡∏µ‡πà‡∏¢‡∏°‡πÄ‡∏•‡∏¢‡∏Ñ‡∏£‡∏±‡∏ö‡∏≠‡∏≤‡∏à‡∏≤‡∏£‡∏¢‡πå ‡∏ú‡∏°‡∏Å‡πá‡∏à‡∏ö‡∏ô‡∏¥‡∏î‡πâ‡∏≤ ‡πÅ‡∏ï‡πà‡πÄ‡∏õ‡πá‡∏ô Econ ‡πÅ‡∏ï‡πà‡∏Å‡πá‡∏™‡∏ô‡πÉ‡∏à‡∏î‡πâ‡∏≤‡∏ô Big Data ‡∏î‡πâ‡∏ß‡∏¢‡πÄ‡∏´‡∏°‡∏∑‡∏≠‡∏ô‡∏Å‡∏±‡∏ô', '‡∏™‡∏∏‡∏î‡∏¢‡∏≠‡∏î ‡∏Ç‡∏≠‡∏¢‡∏≤‡∏ß‡πÜ‡πÄ‡∏•‡∏¢‡∏Ñ‡∏£‡∏±‡∏ö ‡πÅ‡∏ö‡∏ö‡∏ß‡πà‡∏≤‡∏≠‡∏∞‡πÑ‡∏£‡∏¢‡∏±‡∏á‡πÑ‡∏á ‡πÄ‡∏õ‡πá‡∏ô‡∏Ñ‡∏≠‡∏£‡πå‡∏™‡∏≠‡∏≠‡∏ô‡πÑ‡∏•‡∏ô‡πå‡πÄ‡∏™‡∏µ‡∏¢‡πÄ‡∏á‡∏¥‡∏ô‡∏Å‡πá‡πÑ‡∏î‡πâ‡∏Ñ‡∏£‡∏±‡∏ö\n‡πÄ‡∏ö‡∏∑‡πà‡∏≠‡∏ã‡∏∑‡πâ‡∏≠‡∏Ñ‡∏≠‡∏£‡πå‡∏™‡πÄ‡∏Ç‡πâ‡∏≤‡πÑ‡∏õ‡πÄ‡∏à‡∏≠ basic python ‡∏Å‡∏±‡∏öbasic notebook ‡πÅ‡∏•‡πâ‡∏ß‡∏Å‡πá‡∏°‡∏≤‡∏Å‡∏î‡πÜ‡πÉ‡∏´‡πâ‡∏î‡∏π‡πÅ‡∏ï‡πà‡πÑ‡∏°‡πà‡πÑ‡∏î‡πâ‡∏≠‡∏ò‡∏¥‡∏ö‡∏≤‡∏¢‡πÄ‡∏•‡∏¢‡∏ß‡πà‡∏≤‡∏≠‡∏∞‡πÑ‡∏£‡∏¢‡∏±‡∏á‡πÑ‡∏á']",222,1
https://www.youtube.com/watch?v=L_xBe7MbPwk,"25,126 views","Feb 25, 2020","['Sir, you are my role model...\nYour aim "" sharing knowledge "" is incredible... #Keep going', ""You're one of the reason for me to dive in data science community. I learned from your videos and interesting , felt more to learn. Thank you Krish."", 'tutorial 34 was clarified my doubts, I am waiting for part 2 & 3 of performance metrics for Classification problem in ML. Please upload the part 2 & 3 of tutorial 34 sir.', ""Sir , I'm ur big fan and thanks for this content I have a doubt : \nHow I'll become good at code because I learnt many languages ,web development , and today I 'm learning data science as well\n Pls recommend me a method which makes me good at code"", 'Awesome explanation Sir, m waiting ur video on daily basis, sir plz upload maths behind every algorithm, which is helpful for us', 'bro this comment has just came straight from my heart even the andrew ng have not explained with that much clarity even though i know you somewhere learn but your explaination is quite well as i have done ML from 2,3 online courses but i will check whole your playlist again only for the deep understanding of math behind it', 'Great lecture, thankyou so much for everything', 'Great video. Can you also help me with the difference between Multiclass and Multilabel classification?', 'Having watched many videos related to difference b/n LinR and LogR, nobody explained in this way. I think this is what makes stand out. Just fabulous!', 'this same thing you can do with single if condition in programming language if(value>=0.5): obise else not \nthen why we should do this sirji?']",773,11
https://www.youtube.com/watch?v=i2jwZcWicSY,"80,456 views","Jul 7, 2016","[""I wanna become a data scientist !! I love math, logic, programming, taking decisions and stuff.\nI've just graduated in Administration/Management and now I want to take my carreer to a tecnological path."", 'glamorous 60 seconds', 'ü§ìüòà', 'Organisations.....nice', 'Data Analytics', 'üëèüëèüëèexcellent', '""Cell phones in todays world""can have data scienific studies i guess.:/']",980,30
https://www.youtube.com/watch?v=Scg59_McA8Q,"150,800 views","Nov 7, 2019","['Meesho App ‡§ï‡•ã ‡§°‡§æ‡§â‡§®‡§≤‡•ã‡§° ‡§ï‡§∞‡•á ‡§î‡§∞ ‡§´‡•ç‡§∞‡•Ä ‡§Æ‡•á‡§Ç 10 ‡§π‡•õ‡§æ‡§∞ ‡§§‡§ï ‡§ï‡§Æ‡§æ‡§è  - https://meesho.com/invite/PRAVEEN837 and Watch the Meesho tutorial to earn from this App(100% Free) - https://www.youtube.com/watch?v=LE0hE0aJzxk', '‡§ú‡§ø‡§§‡§®‡§æ ‡§¨‡•ú‡§æ ‡§∏‡§™‡§®‡§æ ‡§π‡•ã‡§ó‡§æ \n‡§â‡§§‡§®‡•Ä ‡§¨‡•ú‡•Ä ‡§§‡§ï‡§≤‡•Ä‡§´‡•á‡§Ç ‡§π‡•ã‡§Ç‡§ó‡•Ä\n\n‡§î‡§∞ ‡§ú‡•Ä‡§§‡§®‡•Ä ‡§¨‡•ú‡•Ä ‡§§‡§ï‡§≤‡•Ä‡§´‡•á‡§Ç ‡§π‡•ã‡§Ç‡§ó‡•Ä', 'There is no any Particular Degree required for DS\nyou Need To focus on\n\nYes to Become a data scientist you required:', 'India ma ITI aur polytechnic ki kya future ha a bataye...\n\ninterested people can like my comment  ‚ù§Ô∏è‚ù§Ô∏è', ""Sir I have completed my graduation in Arts stream So I'm eligible this course"", 'In hyderabad a 12 year boy studying 7th class become data scientist ,', 'Will data scientist job take over AI?\nOr will it automated?ü§î\n What do you think?', 'Sir, I am a mathematics student what steps, i must take to became a data scientist?', 'What about arts background person who have work experience in gis field of 14 years...is it useful for him???please reply', 'Sir, you explained this very good. Please make a video on Software developer also']",7.3K,249
https://www.youtube.com/watch?v=sA3EY5Hq6-E,549 views,"Jun 12, 2020",['hello there friend oPft'],20,0
https://www.youtube.com/watch?v=MYU9W34dZh0,"5,619 views","Jul 21, 2020","['i could not go without typing this comment, THANK YOU SOO MUCH, THIS IS BY FAR THE BEST PANDAS INTRODUCTION I HAD AND IT ALL MAKES SENSE NOW, thank you for this channel in general it is an incredible asset', 'This is something that was missing in the Udemy course so I was thinking where to look for Pandas ? And then I got notification about this video. Hope you release the next video soon and take us through the Pandas in more detail.', 'If you want to try something like this without going through the whole installation process, google colab is a very good alternative too. \n(Especially when you get to more advanced topics. Installing tensorflow with gpu support for example can be quite tedious)', ""Great intro, thanks. I don't spend a lot of time in the os libraries so the os.path.join method was a nice find for me."", ""Hi sir,, i got a key error on particular this line \n           df [' country']\nHow to fix this ,could u please tel me"", 'i am learning data analysis currently and this helped me a lot, thank you !', 'Waiting for this since long time..‚ù§Ô∏è', 'Appreciate your content üëåüèª‚úåüèª', 'What you have been doing during the lockdown', 'Brother do not worry about how many views show up daily ... I wish I could see your video daily ... Love ‚úåÔ∏è‚ù£Ô∏è']",424,1
https://www.youtube.com/watch?v=imMPnCHvbkY,"8,337 views","Mar 6, 2020","['Great video! I love your consistency in producing valuable videos with relevant topics. Cheers!', 'Sir, can you make video on how to get into sports analytics ??', 'üëçüèΩüëçüèΩ', 'Hey Ken,  What did you do with the UFC? Could you create a video or share that on Github? Thanks', 'I watch your videos regularly. Why dont you make a video of making a project from scratch for the beginners.', 'Hi! Thanks Ken. I got some really useful info from your video!', 'Hi Ken\nYou doing an Awesome job my making all this quality informative videos. I wanted to discuss something with you, so is there any way i can shoot you an email? I will really appreciate that!\nRegards']",368,3
https://www.youtube.com/watch?v=Ph5DHoWHW2c,"10,590 views","Mar 10, 2019","[""** üÜïSCARICA l'app DATACLUB ‚ñ∂Ô∏èhttps://play.google.com/store/apps/details?id=it.tensorgen.dataclub\n______________\n** Podcast DataClub: Intelligenza Artificiale e Data Science ‚ñ∂Ô∏è  "", 'Finalmente un video chiaro sull\'argomento da chi ci lavora e non da chi si riempe solo la bocca con paroloni che adesso fanno figo. Vorrei chiederti se nel tuo lavoro quando ti imbatti con modelli di AI ti ""serve"" pi√π il saper usare determinati fraemowork o conoscere in maniera approfondita il dietro le quinte delle varie tecniche, ti chiedo questo perch√© vedendo che quello che c\'√® dietro ai modelli di AI √® bello complesso mi sorge il dubbio che adesso sia pieno di ""operai"" dell\'AI che si occupano di saper implementare determinati modelli in applicazioni che possono progredire con l\'ausilio della benedetta AI. Continua con questi video che sono sempre super stimolanti per chi √® del settore IT o prova a diventarlo come me :)', 'Complimenti, hai appena guadagnato un nuovo iscritto!\nCanale molto interessante e ottime doti di spiegazione! Ottimo lavoro!', 'interessantissimo! Se posso farti una piccola osservazione, in italiano le parole straniere non si declinano, quindi non devi dire ""links, features, ecc"", bens√¨ ""link, feature, ecc."", anche quando sono plurali', 'Tom Riddle?', 'Grazie', ""Ciao Alessandro, ti seguo da poco e mi √® piaciuto da subito il tuo lavoro su YouTube e avrei una domanda da collega: sono programmatore junior e mi pongo sempre tante domande prima di creare una nuova struttura per i dati ( tabella mysql ) ... Cosa potresti suggerire a noi programmatori per rendere pi√π semplice e veloce il lavoro di un Data Scientist e l'implementazione di una Intelligenza Artificiale?"", 'Ottimo video. Grazie', 'Ah capisco adesso grazie per il video', 'Ottimo video']",309,10
https://www.youtube.com/watch?v=XohgKT13FKY,"70,737 views","Nov 23, 2017","['This playlist is jumbled after 12th lecture, kindly correct it from official NPTEL website.', 'Very nice intro lecture. Thanks!', 'Is this course cover data quality analysis? please do reply', 'thank you for very brief intro', 'sir is this course feasible for non it background students?', 'this course is only for engineers or anyone ?', 'When this course starts again ?', 'Fantastic course']",238,4
https://www.youtube.com/watch?v=war_DPSJYRU,580 views,"Oct 27, 2018",[],25,0
https://www.youtube.com/watch?v=SH6cOL-HRHU,"17,409 views","Dec 19, 2018","['*Special Offer 20% Off*. Complete Data Science Online Training Program. Earn a data science degree at your own pace. Access your 20% off here: http://bit.ly/2IzEbUB', 'This video is under view for the amount of useful information in it.', 'Awesome! I really like the video thanks', 'Which editor do yoi use? Is it free or paid?', 'Sir please repply my comments', 'Good', 'Sir i want to be a data scientists    i am in 10th so...\nWhat dregee and course should i follow to be a data scientists', 'A bachelor degree is enough for Prodatascientist']",742,12
https://www.youtube.com/watch?v=3gssAG0agO8,"11,190 views","Apr 9, 2020","['üëâ No programming knowledge? Learn more about our courses and get ** 20% OFF** all plans! ‚úÖhttps://bit.ly/2y1QU0m\n#transitionintodatascience #economicsdegree #careerchange #datascience #career #econmajor #economicsjobs', 'Oh!!! IS THIS a new series?? Transitioning to data science from economics is awesome but can you do one for transitioning from computer science please??', 'My economics background is really helping me with all that. :)', ""I'm 41 and I'm studying Python...I'm an economist,,,,,, do I have a chance."", 'Using social science advantage sounds really important tho..', 'Wow, I had no idea Econ graduates had so much going on!', ""I am planning to do bachelor's in economics with data science ....\nWill it be a good step ????"", 'Seems that i have to put some effort on the analytical part of my work. Thanks for helping me out 365!', 'Having the problem solving skills myself makes me feel really comfortable about this whole thing.', 'Haha! I definitely have that D-S and C-S graduate mindset .. :D']",362,5
https://www.youtube.com/watch?v=Wj-RWJjKsEw,795 views,Streamed live 7 hours ago,[],31,0
https://www.youtube.com/watch?v=1vn6RGKUSNc,911 views,Streamed live 14 hours ago,[],34,2
https://www.youtube.com/watch?v=QizsAE4fBpQ,"335,265 views","Oct 5, 2017","['That was fantastic.  Very informative.  Thank you!', 'Wow thanks a lot for explanation, I was very confused until you came up!', 'Thank you so much sir. You really cleared my doubt', 'I feel like I am inside of a tunnel.', 'Helpful. Thank you.', 'Thank you sir.', 'Very clear and informative. Thanks.whats the presentation tool u r using?', 'Thanks so much.', 'Excuse me sir can u pls help me out actually i liked d way u teach iam applying for MS in data science in us. My doubt is the online courses u give on AI/ML will they deviate me from data science r do u also provide courses for data science pls reply im very confused', 'Nice explanation sir...']",2.8K,140
https://www.youtube.com/watch?v=jYlaIo0LGeI,169 views,"Jul 22, 2020",[],2,0
https://www.youtube.com/watch?v=LO49IxE7QkI,"25,089 views","Oct 29, 2015",[],105,2
https://www.youtube.com/watch?v=-D_5towHpV0,969 views,"Dec 3, 2019","['Science is just a fancy word for learning about complex stuff, that‚Äôs all. \nGo outside and tell whether it is day or night. Then wait 6, 12 and 18 hours an look again. Is your answer still valid? Has it been a fact? \n Facts depend on a context. Context requires tedious work of understanding things.', 'Bro I have an urgent question.In my college I have to take specialisation from 2nd year.I am confused as my interest towards data science and cyber security is same.I have to take either one of them.\nI want to take that specialisation which will be easier, which requires less study and work.So is data science easy or cyber security??', 'Thank you very much for a nice video.\nI wonder if you can comment on my complicated situation:\nI am a 35 year of old and have a business graduation majoring in Management Information System and Finance. Now, I am planning to change my career by preparing me either for software engineering or for data science. I shall be living either in the UK or in Australia.', 'dude u doing a great job.. keep on making such videos..']",33,0
https://www.youtube.com/watch?v=-pVOoKrBtL8,"3,790 views","Mar 23, 2020","['I came here after looking your article on medium.', 'Woohoo! Excited already! Looking forward to being a part of your class.! üòÉ', 'Hii,\nI am getting the below error on all lines of my Jupyter notebook when I run voila command:', 'You go boy!!!! And of course logo is really nice. ü§™', 'Dude, I want to learn this!!!', 'Sir, i am really excited I always want that type of channel. You are doing great job.', 'Just read your article on freecodecamp!', 'Looking forward to learn more from your upcoming videos!!...', 'Keep uploading', 'bro keep it Up..Please upload videos regularly..I am learning a lot from you']",177,1
https://www.youtube.com/watch?v=4kdaUIR_HBg,"5,553 views","Apr 28, 2020","['very good!! \n‡πÅ‡∏ï‡πà‡πÄ‡∏™‡∏µ‡∏¢‡∏á‡∏û‡∏π‡∏î‡∏Ñ‡πà‡∏≠‡∏ô‡∏Ç‡πâ‡∏≤‡∏á‡πÄ‡∏ö‡∏≤‡∏Ñ‡∏£‡∏±‡∏ö ‡πÄ‡∏û‡∏•‡∏á‡∏ó‡∏µ‡πà 0:27 ‡∏î‡∏±‡∏á‡∏Å‡∏ß‡πà‡∏≤‡∏°‡∏≤‡∏Å ‡∏ï‡∏Å‡πÉ‡∏à‡πÄ‡∏•‡∏¢', '‡∏Ç‡∏≠‡∏ö‡∏Ñ‡∏∏‡∏ì‡∏°‡∏≤‡∏Å‡πÄ‡∏•‡∏¢‡∏Ñ‡∏£‡∏±‡∏ö ‡πÄ‡∏´‡πá‡∏ô‡∏ï‡∏±‡∏ß‡πÄ‡∏≠‡∏á‡∏ä‡∏±‡∏î‡∏Ç‡∏∂‡πâ‡∏ô‡πÄ‡∏¢‡∏≠‡∏∞‡πÄ‡∏•‡∏¢', '‡∏ó‡∏≥‡πÑ‡∏° data scientist ‡∏°‡∏µ‡∏°‡∏≤‡∏ô‡∏≤‡∏ô‡∏´‡∏•‡∏≤‡∏¢‡∏™‡∏¥‡∏ö‡∏õ‡∏µ‡πÅ‡∏•‡πâ‡∏ß‡πÅ‡∏ï‡πà‡πÄ‡∏û‡∏¥‡πà‡∏á‡∏°‡∏≤‡∏ö‡∏π‡∏°‡πÄ‡∏≠‡∏≤‡∏ä‡πà‡∏ß‡∏á‡∏´‡∏•‡∏±‡∏á‡∏Ñ‡∏£‡∏±‡∏ö‡∏≠‡∏≤‡∏à‡∏≤‡∏£‡∏¢‡πå ‡∏ú‡∏°‡∏≠‡∏¢‡∏≤‡∏Å‡∏ó‡∏£‡∏≤‡∏ö‡∏à‡∏£‡∏¥‡∏á‡πÜ‡∏ß‡πà‡∏≤‡∏ó‡∏≥‡πÑ‡∏°', '""‡∏û‡∏ß‡∏Å‡∏ó‡∏µ‡πà‡∏≠‡∏¢‡∏π‡πà‡∏ô‡∏≤‡∏ô‡πÜ ‡∏≠‡∏¢‡∏π‡πà‡∏ó‡∏ô‡πÜ‡πÑ‡∏°‡πà‡∏£‡∏ß‡∏¢‡∏™‡∏±‡∏Å‡∏ó‡∏µ"" ‡∏≠‡∏±‡∏ô‡∏ô‡∏µ‡πâ‡∏ñ‡∏π‡∏Å‡∏ï‡πâ‡∏≠‡∏á‡∏Ñ‡πà‡∏∞ 55555', '‡πÇ‡∏î‡∏ô‡πÉ‡∏à‡∏°‡∏≤‡∏Å‡πÄ‡∏•‡∏¢‡∏Ñ‡∏£‡∏±‡∏ö‡∏≠‡∏≤‡∏à‡∏≤‡∏£‡∏¢‡πå ‡∏£‡∏≠‡∏ï‡∏¥‡∏î‡∏ï‡∏≤‡∏°‡∏ï‡∏≠‡∏ô‡∏ï‡πà‡∏≠‡πÑ‡∏õ‡∏Ñ‡∏£‡∏±‡∏ö', '‡∏ä‡∏≠‡∏ö‡∏°‡∏≤‡∏Å‡∏Ñ‡∏£‡∏±‡∏ö ‡∏£‡∏≠‡∏ï‡∏¥‡∏î‡∏ï‡∏≤‡∏°‡∏ï‡πà‡∏≠‡∏Ñ‡∏£‡∏±‡∏ö', '‡∏ú‡∏°‡πÄ‡∏Ñ‡∏¢‡πÄ‡∏Ç‡πâ‡∏≤‡πÑ‡∏õ‡∏á‡∏≤‡∏ô‡∏ß‡∏¥‡∏ä‡∏≤‡∏Å‡∏≤‡∏£‡∏ó‡∏µ‡πà‡∏ô‡∏¥‡∏î‡πâ‡∏≤‡∏à‡∏±‡∏î ‡πÄ‡∏à‡∏≠‡∏≠‡∏≤‡∏£‡∏à‡∏≤‡∏£‡∏¢‡πå‡∏ö‡∏£‡∏£‡∏¢‡∏≤‡∏¢ ‡∏õ‡∏£‡∏∞‡∏ó‡∏±‡∏ö‡πÉ‡∏à‡∏°‡∏≤‡∏Å‡∏Ñ‡∏±‡∏ö ‡∏ï‡∏¥‡∏î‡∏ï‡∏≤‡∏°‡πÜ', '‡∏ä‡∏≠‡∏ö‡∏ô‡πâ‡∏≠‡∏á‡∏•‡∏≤ ‡∏Å‡∏±‡∏ö Unicorn', '‡πÄ‡∏¢‡∏µ‡πà‡∏¢‡∏°‡πÄ‡∏•‡∏¢‡∏Ñ‡∏£‡∏±‡∏ö‡∏≠‡∏≤‡∏à‡∏≤‡∏£‡∏¢‡πå ‡∏ú‡∏°‡∏Å‡πá‡∏à‡∏ö‡∏ô‡∏¥‡∏î‡πâ‡∏≤ ‡πÅ‡∏ï‡πà‡πÄ‡∏õ‡πá‡∏ô Econ ‡πÅ‡∏ï‡πà‡∏Å‡πá‡∏™‡∏ô‡πÉ‡∏à‡∏î‡πâ‡∏≤‡∏ô Big Data ‡∏î‡πâ‡∏ß‡∏¢‡πÄ‡∏´‡∏°‡∏∑‡∏≠‡∏ô‡∏Å‡∏±‡∏ô', '‡∏™‡∏∏‡∏î‡∏¢‡∏≠‡∏î ‡∏Ç‡∏≠‡∏¢‡∏≤‡∏ß‡πÜ‡πÄ‡∏•‡∏¢‡∏Ñ‡∏£‡∏±‡∏ö ‡πÅ‡∏ö‡∏ö‡∏ß‡πà‡∏≤‡∏≠‡∏∞‡πÑ‡∏£‡∏¢‡∏±‡∏á‡πÑ‡∏á ‡πÄ‡∏õ‡πá‡∏ô‡∏Ñ‡∏≠‡∏£‡πå‡∏™‡∏≠‡∏≠‡∏ô‡πÑ‡∏•‡∏ô‡πå‡πÄ‡∏™‡∏µ‡∏¢‡πÄ‡∏á‡∏¥‡∏ô‡∏Å‡πá‡πÑ‡∏î‡πâ‡∏Ñ‡∏£‡∏±‡∏ö\n‡πÄ‡∏ö‡∏∑‡πà‡∏≠‡∏ã‡∏∑‡πâ‡∏≠‡∏Ñ‡∏≠‡∏£‡πå‡∏™‡πÄ‡∏Ç‡πâ‡∏≤‡πÑ‡∏õ‡πÄ‡∏à‡∏≠ basic python ‡∏Å‡∏±‡∏öbasic notebook ‡πÅ‡∏•‡πâ‡∏ß‡∏Å‡πá‡∏°‡∏≤‡∏Å‡∏î‡πÜ‡πÉ‡∏´‡πâ‡∏î‡∏π‡πÅ‡∏ï‡πà‡πÑ‡∏°‡πà‡πÑ‡∏î‡πâ‡∏≠‡∏ò‡∏¥‡∏ö‡∏≤‡∏¢‡πÄ‡∏•‡∏¢‡∏ß‡πà‡∏≤‡∏≠‡∏∞‡πÑ‡∏£‡∏¢‡∏±‡∏á‡πÑ‡∏á']",222,1
https://www.youtube.com/watch?v=L_xBe7MbPwk,"25,126 views","Feb 25, 2020","['Sir, you are my role model...\nYour aim "" sharing knowledge "" is incredible... #Keep going', ""You're one of the reason for me to dive in data science community. I learned from your videos and interesting , felt more to learn. Thank you Krish."", 'tutorial 34 was clarified my doubts, I am waiting for part 2 & 3 of performance metrics for Classification problem in ML. Please upload the part 2 & 3 of tutorial 34 sir.', ""Sir , I'm ur big fan and thanks for this content I have a doubt : \nHow I'll become good at code because I learnt many languages ,web development , and today I 'm learning data science as well\n Pls recommend me a method which makes me good at code"", 'Awesome explanation Sir, m waiting ur video on daily basis, sir plz upload maths behind every algorithm, which is helpful for us', 'bro this comment has just came straight from my heart even the andrew ng have not explained with that much clarity even though i know you somewhere learn but your explaination is quite well as i have done ML from 2,3 online courses but i will check whole your playlist again only for the deep understanding of math behind it', 'Great lecture, thankyou so much for everything', 'Great video. Can you also help me with the difference between Multiclass and Multilabel classification?', 'Having watched many videos related to difference b/n LinR and LogR, nobody explained in this way. I think this is what makes stand out. Just fabulous!', 'this same thing you can do with single if condition in programming language if(value>=0.5): obise else not \nthen why we should do this sirji?']",773,11
https://www.youtube.com/watch?v=i2jwZcWicSY,"80,456 views","Jul 7, 2016","[""I wanna become a data scientist !! I love math, logic, programming, taking decisions and stuff.\nI've just graduated in Administration/Management and now I want to take my carreer to a tecnological path."", 'glamorous 60 seconds', 'ü§ìüòà', 'Organisations.....nice', 'Data Analytics', 'üëèüëèüëèexcellent', '""Cell phones in todays world""can have data scienific studies i guess.:/']",980,30
https://www.youtube.com/watch?v=Scg59_McA8Q,"150,800 views","Nov 7, 2019","['Meesho App ‡§ï‡•ã ‡§°‡§æ‡§â‡§®‡§≤‡•ã‡§° ‡§ï‡§∞‡•á ‡§î‡§∞ ‡§´‡•ç‡§∞‡•Ä ‡§Æ‡•á‡§Ç 10 ‡§π‡•õ‡§æ‡§∞ ‡§§‡§ï ‡§ï‡§Æ‡§æ‡§è  - https://meesho.com/invite/PRAVEEN837 and Watch the Meesho tutorial to earn from this App(100% Free) - https://www.youtube.com/watch?v=LE0hE0aJzxk', '‡§ú‡§ø‡§§‡§®‡§æ ‡§¨‡•ú‡§æ ‡§∏‡§™‡§®‡§æ ‡§π‡•ã‡§ó‡§æ \n‡§â‡§§‡§®‡•Ä ‡§¨‡•ú‡•Ä ‡§§‡§ï‡§≤‡•Ä‡§´‡•á‡§Ç ‡§π‡•ã‡§Ç‡§ó‡•Ä\n\n‡§î‡§∞ ‡§ú‡•Ä‡§§‡§®‡•Ä ‡§¨‡•ú‡•Ä ‡§§‡§ï‡§≤‡•Ä‡§´‡•á‡§Ç ‡§π‡•ã‡§Ç‡§ó‡•Ä', 'There is no any Particular Degree required for DS\nyou Need To focus on\n\nYes to Become a data scientist you required:', 'India ma ITI aur polytechnic ki kya future ha a bataye...\n\ninterested people can like my comment  ‚ù§Ô∏è‚ù§Ô∏è', ""Sir I have completed my graduation in Arts stream So I'm eligible this course"", 'In hyderabad a 12 year boy studying 7th class become data scientist ,', 'Will data scientist job take over AI?\nOr will it automated?ü§î\n What do you think?', 'Sir, I am a mathematics student what steps, i must take to became a data scientist?', 'What about arts background person who have work experience in gis field of 14 years...is it useful for him???please reply', 'Sir, you explained this very good. Please make a video on Software developer also']",7.3K,249
https://www.youtube.com/watch?v=sA3EY5Hq6-E,549 views,"Jun 12, 2020",['hello there friend oPft'],20,0
https://www.youtube.com/watch?v=MYU9W34dZh0,"5,619 views","Jul 21, 2020","['i could not go without typing this comment, THANK YOU SOO MUCH, THIS IS BY FAR THE BEST PANDAS INTRODUCTION I HAD AND IT ALL MAKES SENSE NOW, thank you for this channel in general it is an incredible asset', 'This is something that was missing in the Udemy course so I was thinking where to look for Pandas ? And then I got notification about this video. Hope you release the next video soon and take us through the Pandas in more detail.', 'If you want to try something like this without going through the whole installation process, google colab is a very good alternative too. \n(Especially when you get to more advanced topics. Installing tensorflow with gpu support for example can be quite tedious)', ""Great intro, thanks. I don't spend a lot of time in the os libraries so the os.path.join method was a nice find for me."", ""Hi sir,, i got a key error on particular this line \n           df [' country']\nHow to fix this ,could u please tel me"", 'i am learning data analysis currently and this helped me a lot, thank you !', 'Waiting for this since long time..‚ù§Ô∏è', 'Appreciate your content üëåüèª‚úåüèª', 'What you have been doing during the lockdown', 'Brother do not worry about how many views show up daily ... I wish I could see your video daily ... Love ‚úåÔ∏è‚ù£Ô∏è']",424,1
https://www.youtube.com/watch?v=imMPnCHvbkY,"8,337 views","Mar 6, 2020","['Great video! I love your consistency in producing valuable videos with relevant topics. Cheers!', 'Sir, can you make video on how to get into sports analytics ??', 'üëçüèΩüëçüèΩ', 'Hey Ken,  What did you do with the UFC? Could you create a video or share that on Github? Thanks', 'I watch your videos regularly. Why dont you make a video of making a project from scratch for the beginners.', 'Hi! Thanks Ken. I got some really useful info from your video!', 'Hi Ken\nYou doing an Awesome job my making all this quality informative videos. I wanted to discuss something with you, so is there any way i can shoot you an email? I will really appreciate that!\nRegards']",368,3
https://www.youtube.com/watch?v=Ph5DHoWHW2c,"10,590 views","Mar 10, 2019","[""** üÜïSCARICA l'app DATACLUB ‚ñ∂Ô∏èhttps://play.google.com/store/apps/details?id=it.tensorgen.dataclub\n______________\n** Podcast DataClub: Intelligenza Artificiale e Data Science ‚ñ∂Ô∏è  "", 'Finalmente un video chiaro sull\'argomento da chi ci lavora e non da chi si riempe solo la bocca con paroloni che adesso fanno figo. Vorrei chiederti se nel tuo lavoro quando ti imbatti con modelli di AI ti ""serve"" pi√π il saper usare determinati fraemowork o conoscere in maniera approfondita il dietro le quinte delle varie tecniche, ti chiedo questo perch√© vedendo che quello che c\'√® dietro ai modelli di AI √® bello complesso mi sorge il dubbio che adesso sia pieno di ""operai"" dell\'AI che si occupano di saper implementare determinati modelli in applicazioni che possono progredire con l\'ausilio della benedetta AI. Continua con questi video che sono sempre super stimolanti per chi √® del settore IT o prova a diventarlo come me :)', 'Complimenti, hai appena guadagnato un nuovo iscritto!\nCanale molto interessante e ottime doti di spiegazione! Ottimo lavoro!', 'interessantissimo! Se posso farti una piccola osservazione, in italiano le parole straniere non si declinano, quindi non devi dire ""links, features, ecc"", bens√¨ ""link, feature, ecc."", anche quando sono plurali', 'Tom Riddle?', 'Grazie', ""Ciao Alessandro, ti seguo da poco e mi √® piaciuto da subito il tuo lavoro su YouTube e avrei una domanda da collega: sono programmatore junior e mi pongo sempre tante domande prima di creare una nuova struttura per i dati ( tabella mysql ) ... Cosa potresti suggerire a noi programmatori per rendere pi√π semplice e veloce il lavoro di un Data Scientist e l'implementazione di una Intelligenza Artificiale?"", 'Ottimo video. Grazie', 'Ah capisco adesso grazie per il video', 'Ottimo video']",309,10
https://www.youtube.com/watch?v=XohgKT13FKY,"70,737 views","Nov 23, 2017","['This playlist is jumbled after 12th lecture, kindly correct it from official NPTEL website.', 'Very nice intro lecture. Thanks!', 'Is this course cover data quality analysis? please do reply', 'thank you for very brief intro', 'sir is this course feasible for non it background students?', 'this course is only for engineers or anyone ?', 'When this course starts again ?', 'Fantastic course']",238,4
https://www.youtube.com/watch?v=war_DPSJYRU,580 views,"Oct 27, 2018","['Hello, do you have WhatsApp number ?  We wanna talk to you something about business cooperation, no scam , waiting for your reply sir .']",25,0
https://www.youtube.com/watch?v=iTLA8wMmir0,492 views,"Jun 20, 2019",['Thanks for putting up such an informative video about data science'],12,0
https://www.youtube.com/watch?v=Acb_H0TP-Jg,41 views,"Jul 22, 2020",[],4,0
https://www.youtube.com/watch?v=6QVXPNrSbLU,"14,458 views","Aug 3, 2017","[""Incredibly insightful for someone looking to go into data science! It's great to hear some specifics of the job from an actual data scientist at Airbnb."", 'very insightful ..']",227,2
https://www.youtube.com/watch?v=83Ohsevj3JM,"11,010 views","Jan 9, 2020","['Sir pls make a playlists on Re-inforcement learning,Time series Analysis', 'Sir what is the difference between Msc in data science and Mtech CSE specialization in data science? Please Help Me With This Confusion... :(', 'Hello sir what should be desktop specifications for real AI and ML development like as organization', 'Best for distance mode, including online modes like upgrad', 'Even IIITM Kerala offers MSc in ML and MSc in Business Analytics. Could you please make a video of colleges offering MSc in Business Analytics or MBA in Business Analytics?', ""Hello sir..I have done BCA(Hons) ..now should I go for PG diploma or master's degree in data science.?"", 'Sir, Please make videos on social network analysis. It is quite an interesting topic and does not have many tutorials.', ""I regularly follow your channel,you are doing a fantastic work but this time i am  really disappointed to not see the name of Praxis Bussiness school,yeah they don't give you a MSc degree but teaching and ROI is amazing over there  and they have been constantly ranked amongst top 3 in the country"", 'Sir can you please tell us best online courses such as Udacity, simplilearn', 'Any idea about mit-wpu?? As this college also have msc in data science/analytics']",270,12
https://www.youtube.com/watch?v=0jQ25PSyb_E,"66,332 views","Jan 2, 2018",[],1K,30
https://www.youtube.com/watch?v=cSdDfzFZV7M,"51,814 views","Jan 14, 2019","['Vous en voulez encore ?\n1. Retrouvez les photos et anecdotes de tournage et suivez-nous au quotidien sur Instagram : https://www.instagram.com/maintenantjaimelelundi/\n2. D√©couvrez les prochains tournages avant tout le monde et envoyez-nous les questions que vous souhaitez poser aux professionnels en vous inscrivant √† notre newsletter (une seule par mois) : ', '1:50 boxplots produits avec R sur Rstudio !', ""Merci pour cette interview !! Pour d'autres renseignements sur le m√©tier des maths et en particulier des datasciences, vous pouvez venir voir la cha√Æne de Briques2math √©galement !"", ""j'ai le m√™me d√©but de parcours que lui, j'aimerais avoir son mail please"", ""Un poste plein d'avenir, c'est bien d'en parler !"", 'je tourne en rond pour √ßa', 'Bonjour,\nFormez vous √† la statistique pour donn√©es fonctionnelles https://drive.google.com/file/d/1rgZcXRxilKE0nUrshyvUrpe2GLXS2js8/view?usp=sharing', 'Interesting interview!Please upload English subtitles!', 'Wow swagg', 'Merci pour la videoüôèüíùüá®üáÆüá®üáÆ']",929,17
https://www.youtube.com/watch?v=J_bHivT3bRg,736 views,"Streamed live on Jul 24, 2020","['0:14\nvery-big-boobs.online', 'Nice']",21,0
https://www.youtube.com/watch?v=kNnFA5hxI2Q,"314,412 views","Jun 6, 2016",[],2.8K,203
https://www.youtube.com/watch?v=G-8HFumMKuA,"3,807 views","Dec 17, 2019","['Thanks for watching!', 'I\'m a (former) data scientist, whose contract just ended. Thanks to 2020 being *insane*, I\'m finding that I need to lower expectations if I want a job again. Naturally, I looked to data analyst jobs. And this is a bit tricky - as all of my experience with recommender systems, NLP, network analysis, etc. is ~useless for analysis roles. It seems dashboards, product backlog, and storytelling are far more applicable. I bet you don\'t see too many, ""how do I transition from data science to data analysis?"" questions', 'Hi Jen! Thanks for the video! I am in Mont-Tremblant, Quebec, Canada. Peruvian applying for canadian residency. I am about to start studying several thigns to become an analyst so your channel helps me a lot', 'Hi, Jen! I love your channel and all the guidance you provide. I am currently in school working towards a BDA degree. Can you talk about the hours data analysts work? Do they work ""crazy hours"" like, say, lawyers or accountants? I am a single mom, and l need to make sure l am present for my child. Thank you in advance.', 'Very clear! Thank you so much üòä', 'Where r u from maam? USA?', ""Hi Jen, Very useful video. Can one  get a data science job with a master's in data analytics? Or what degree would be best for that besides a data science degree?"", ""Would combining a master's degree in strategic marketing be beneficial to a Business Analyst Consultant? I have the option to do two master degrees in three years, as opposed to one in just two. Thanks!"", 'I want ask you about marketing !! \n\nHow you see it \nIt have futur !! ', 'üôèüèΩüôèüèΩüëçüèæüòä']",184,1
https://www.youtube.com/watch?v=mcy2dQ3v6R4,"17,746 views","Jan 31, 2019","[""Ready to get into your own career in analytics? I've written an extensive guide to building the right skills and finding a data analyst job that's a great fit for you: http://bit.ly/TCFDataAnalyst"", 'Thanks for watching! Do you have any questions on the differences between data scientists and data analysts?', ""You've been a lifesaver! Thank you! Much appreciated."", ""Hey I really loved your advice. I'm confused about JOB title. I have experience in PYTHON (Libraries   NumPy,Pandas,and Matplotlib), Excel,Tableau, R programming language, also SQL. \nMY QUESTION IS  what title should i choose ( Data Scientist , Data Analyst, Database developer) ?"", 'Thank you for making and uploading this! Really clear and helpful how you showed the difference! :)  \nAppreciate it!', ""Great video thanks for clarifying between data analyst and data reporting analyst. Haven't seen anyone else do that."", ""I'm finishing a degree in pure mathematics and Statistics, is it possible to be a Data Scientist?"", 'front minute 0:28 to 0:31 what does she say? before the Word (back)', ""I don't have knowledge of computer but graduate in mathematics physics.\nIs it be difficult for me to enter into this field?"", 'Studying BA economics and computer science ..is it possible??']",311,7
https://www.youtube.com/watch?v=a1gjfSpSoo0,201 views,"Jul 23, 2020",[],17,2
https://www.youtube.com/watch?v=1C8DSkbYkWY,"32,983 views","Sep 16, 2019","['Black circles indicate you have been putting a lot of time into these videos. Thank you from an DS aspirant.', 'Hi, can you post a video with the differents salaries of machine learning, deep learning, artificial intelligence, data science and business intelligence?', 'I am having 6 years of experience in automation testing wanted to switch to data science is it possible to switch to data science for me now if yes how', 'After Masters in Data Science , how much does a person can expect a salary in India', 'sde : 3 to 5 lpa\ndata scientist : 3 to 7 lpa', 'Software engineers at these tech  giants are also making around 10 lpa. \nIt finally boils down to your interest what you want to be. \nBy the way, U r doing a great work üëçüòä', 'How about the salary expectations for a person switching from some careers in IT say, production support or compliance to Data sciencist', 'Hi ur videos are amazing helped me understand concepts easily, one request from my side can u please make videos on generalized linear regression and how to implement it using python', 'Sir could please tell us \nWhat are the skills required for software engineer entry level position', 'Make video on what is Different between Data Analysis, Data scientists and ML Engineer']",828,43
https://www.youtube.com/watch?v=-hk6nYLTTWk,"12,386 views",,"['For those asking for the link...\nhttps://towardsdatascience.com/dont-become-a-data-scientist-ee4769899025', 'Reminds me of what a professor told the class: ""Jeez! You don\'t need a PhD in linguistics before you write a novel.""', 'Kaggle isn‚Äôt like leetcode or code wars. Kaggle is a site where companies give problems and put up real money, sometimes >$100k to solve those problems using data.', 'No offense intended, but I don‚Äôt think you should consider yourself qualified to talk about data science if you came across the term ‚ÄúKaggle competitions‚Äù for the first time while making this video üòâ', ""Why didn't i receive a notification for this live stream !\nEven if I'm busy studying, I won't miss your lives :)"", 'Hi! My opinion is instead to be a data scientist, to be a software engineer with data science skills. Data science is a skill that will help you to give to your project some good and nice abilities.', ""20:57...He's just a baby! \nMe: Started in 2019.... OK...I'm not yet born üòä"", '""So when you run across a problem you\'re gonna \'oh I can do that with Python and this module\' or \' this is better done with PHP and Arabelle\' and \'this is something I should never do with Ruby\'"". lol', 'Data scientist has hype now, but ruby is always hype in this channel, Thanks For Jokes Stef #lol', 'I worked at a mid-size tech company building internal tools, some of which required some heavy number-crunching. I did webdev/dataviz, my partner handled the data science.\n*\nAt least in my experience, the ""data scientists"" were the first software guys on the chopping block when business turned down. It was always cheaper to find or train someone internally to whip up automated data collation and visualization tools. Knowledge of databases are most of this job anyways and any respectable software engineer already has that in spades - most of what passes for ""data science"" is some queries, basic math, and D3 visualization.']",440,10
https://www.youtube.com/watch?v=Sc5FFY-IVDQ,"39,763 views","Mar 21, 2013","['This is a good resource for analytics courses, still applicable in 2020.']",255,3
https://www.youtube.com/watch?v=doLXHVBbknw,"1,748 views","Jul 17, 2020","['Me encanta el canal. Estoy en el curso b√°sico en Rstudio, me ha encantado!', 'Excelente comparaci√≥n, yo me enganch√© a primera vista con el R y Rstudio. Bastante integrado a la estad√≠stica.', 'Har√°s alg√∫n tutorial pronto sobre c√≥mo instalar python? Ch√©vere!', 'En otro canal dijeron que Phyton es como Superman y R es como Batman, interesante analog√≠a ;)', 'Gracias Rafa. Como siempre, pertinente tu video.', 'Excelente vos. Saludos desde Guatemala.', 'Excelente, a pesar de ser estudiante, me puse a pensar cuando vi tu encuesta y la verdad yo respond√≠ la tercera opci√≥n. Yo estoy terminando Python y cuando vi R me encant√≥ pero no los pod√≠a poner uno encima del otro, creo que se complementan. Siguiendo tus videos creo que las gr√°ficas son un poquito m√°s sencillas de usar y manejar en R. Igual cada lenguaje que sumen', 'Excelente video, muchas gracias', 'R es un poco mas amigable para el tratamiento de datos, por lo que estoy viendo, pero las librerias de modelado de python si llaman mucho la atenci√≥n.']",190,0
https://www.youtube.com/watch?v=sNiQXszVr9Y,"20,580 views","Sep 9, 2017",[],312,9
https://www.youtube.com/watch?v=qrhRfPY4F4w,"172,397 views","Jul 19, 2017","['The conclusion inspired me ‚Äì ""Big data needs big brains; big data needs the curious brains of an artist to make a difference."" ‚Äì Jose Miguel Cansado', ""From so many different speakers / videos I've watched, I came to realize that , daring curiosity is the fundamental drive to everything that differentiate yourself from the crowd and AI. \n\nBut sadly , curiosity is difficult be trained or learned. it often comes inherently as a character and will remain as a character , though this character can be incredibly fragile to be destroyed in normal education systems filled with exams and tests."", 'Loved it....\nCuriosity for emotions drives empathy,\nCuriosity for ideas drives imagination\nCuriosity for solutions drives creativity', 'Data is your canvas. Math is your brush. \n\n\nYes, we said it.', 'This guy talks like a poet. Great talk!!!', 'powerful!', 'who would imagine data scientist in lab coats?!', 'Good speech to link humanity into technology.', ""I'm last lol."", 'thank you for this <3']",2.1K,133
https://www.youtube.com/watch?v=3oHJYDcfYW0,914 views,Premiered 13 hours ago,"[""Sir i didn't got the result for just writing 'my number'after assigning it's value... please help me"", 'Great Contents!!! Thank you so much!!!', 'I wan to learn data science full from scratch \nThe course of 80 hours will be of instructor led???', 'how to create cloudbook ..what i want to put in notebook', 'good and impressive session', 'great way of teaching']",72,0
https://www.youtube.com/watch?v=BeLj5DBp-84,"397,977 views","Jul 7, 2020","['It‚Äôs pretty bad when scientific data is being manipulated by politics', ""Just because schools reopen doesn't mean parents will send their children."", 'Brave woman. Most just fold for the paycheck, not her.', 'Rebecca is a hero. I wish we had more people like her in charge instead of the lying, self-serving elitist politicians that are engaged in a political eugenics campaign against their fellow Americans.', ""Literally everything is manipulated. We have to search for the truth everytime we're told something."", 'Thumbs up for Rebekah. She lost her job but she is a real patriot.', ""This Woman is going to be RICH$$!! I can already smell the Lawyer's banging down her door to represent her WRONGFUL TERMINATION LAWSUIT'S!!!  LMFAO!  GOOD FOR YOU GIRL, FIGHT THE GOOD FIGHT!!"", ""I'm Floridian, & hey let's all get rid of our thermometers so we can pretend summer is comfortable too"", ""CBS: when are you hiring Rebekah Jones? She's perfect."", 'If I had a school-age child they would not be going to school.']",7.2K,511
https://www.youtube.com/watch?v=09S4h9Nce94,499 views,"Premiered Jun 30, 2020","['Thank you for sharing your knowledge regarding these FANG companies Jay!', ""Nice work Jay. Brother if you don't mind can you make a video on how to get a job as a machine learning engineer in FANG companies discussing the projects, resume and skillsets and what languages to learn etc. Pls do make make a video on this as there is no credible information regarding this anywhere. Thanks and keep up the great work brother.""]",27,0
https://www.youtube.com/watch?v=KUByrBWS2HU,"13,263 views","Apr 30, 2015",[],26,1
https://www.youtube.com/watch?v=5mCnQz3wwAY,"92,347 views","Oct 25, 2018","['If you like this video, please subscribe üîîto our channel for more such videos on Data, Management and Technology.', 'Do you mean to machine learning doesnt encompasses maths & stats ?? I was referring to the diff bet data science & m.l üòÇüòÇüòÇü§£ü§£', ""Good video that gives information of what to learn to build one's career in Big Data / Data Science / Machine Learning"", 'sir can u help me   i like write code   which feild is best option for me  i learned some languages c,c++,java  and now m learning python   finaly i want job base on python', 'Is he speaking indian? what?', 'Thanks..A lot for the video', 'python is common in this diagram', 'hello, i only have good knowledge in dot net coding business logic and not he front end or latest technologies, i am good in programming, analytical skill and SQL too. what would be best for me to get a better job', ""What if you're not good in programming as well as data structures. But have a keen interest in technology? What career path should you choose then?"", 'Pre requisite of all 3 sounded same. No clear demarcation given.']",LIKE,DISLIKE
https://www.youtube.com/watch?v=J_2kCGmKP4o,"6,597 views","May 23, 2020","['Part 1: https://youtu.be/PFk8TfRulcQ\nInstagram - https://www.instagram.com/yudi.j \nTimestamps: \n01:07 ‚Äì Coursework at George Mason University ', '""Do what you like to do"", it was on point! \nThe way Harshad explained each and every point was amazing! You guys are adding so much value to our lives. Convey my best wishes to Harshad :)  I\'m badly waiting for the next part of the video. ', ""I really love the way both of you are presenting facts and very lesser known tips are uncovered.... It's really hard to find such knowledge elsewhere.... You are Great Yudi bro‚ù§Ô∏è‚ù§Ô∏è... #SearchForValue... IG squad üíì"", ""Isn't Data Analyst a subset of Data Science... DS has a different syllabus right"", 'Hello Yudi- Just say yes or no. Would I be able to get admission based on this criteria like 54% in b.tech , work experience 5.5 as business analyst and GRE with ok marks. And college I prefer that university of south Florida for MS in MIS IN BA', 'We‚Äôve heard my seen anyone giving so much information to us n he‚Äôs so so informative. He‚Äôs to\nthe point n know what he needs n what he needs to\nChoose. Great session. On point üíØ. Thanks a ton,  Harshad.', ""We will watch bro even it's for an hour if the content is like this pretty awesome... Once again... Great video Yudi J.... A clear picture of what can be in each course of data analytics...."", 'Hey, YUDI thanks for delving this deep to the course work, was really helpful, getting to know about them.', ""Hey Yudi, I'm not here for criticizing you but please try to avoid keeping these 'shocking expressions or weird' thumbnails on educational purpose videos... It's really a bit uncomfortable to see you (thumbnail) that way when the content is so professional. But still you have my respect bro‚ù§Ô∏è"", 'YUDI take a bow.. I definitely owe it to you.. This video or content or whatever it is called THIS IS SOMETHING I HAD BEEN LOOKING FOR!! I am so thankful to you and Harshad as well for this information.. I have do so much of research but this video has taken to another level altogether.. THANK YOU is really small in front of what you r doing for us.. #keepsmiling ']",287,6
https://www.youtube.com/watch?v=bl1XSZy11vQ,"5,640 views","Nov 12, 2018",[],166,1
https://www.youtube.com/watch?v=lwgw6L-SD38,"81,052 views","May 8, 2018","[""So, have you taken the next step to become a Data Scientist?\nLet us know in the comment section below and please share your questions/ feedback, we'll have our experts answer it for you.\nThanks for watching the video. Cheers!"", 'Thank you so much...this is definitely a good career for me to go into.', 'I had a query ¬ø\nIs this Certification is considered or recognize for Data Science job ?', 'I  completed my graduation(Bsc computer science) in 2012 and I am intrested in learning data science ,machine learning and Artificial intelligence now after a long gap can I get job after long gap of 7 years', 'Whaoooo. This video is an eye opening for me. I have really being interested in Data Science but never knew how to start. I think I should know what to do first now....\nAnd how can Simplilearn help with Videos? Thanks.', 'Can I go for data scientist career path, if I have my specialisation in Finance?', 'Am amazed such a indespensible content i heard a min before ....tys buddy for the great stuff', 'How many years will take to become data scientist starting from these 7 skills', 'Thanks buddy.. great presentation', 'Thank you.']",1.5K,47
https://www.youtube.com/watch?v=xqO0KW3O9uU,"23,487 views","Dec 21, 2016","['Gracias por todas las lecciones William!', 'William es un incre√≠ble autodidacta y de verdad te anima a aprender cosas nuevas. No solo en temas incre√≠bles de programaci√≥n y datascience tambien en dominar otros idiomas o el pocker :p', ""Uhhh esto viene desde los a√±os 70's , imag√≠nense que tan avanzados est√°n en Jap√≥n o Alemania. Ya han de hablar de leer y manipular las mentes."", 'Buen video, aqu√≠ hay mas contenido acerca del Data Science:  http://www.digitalrubik.com/big-data-que-es-data-science/', 'Y lo guapo que est√° <3', 'Estoy tomando su curso de DS. muy bien llevado. sin duda domina el tema y es amena su presentaci√≥n. Gracias.', 'Willy!', 'Wa yo era un dios en matematicas pero desde que programo ya no lo toco para nada xc ahora tendre que aprender de nuevo', 'carrera computacion e informatica\n es dificil', 'wweee ni cerquita de lo que es DS.  Menos mal que no me morfe este humo.']",450,19
https://www.youtube.com/watch?v=gVQWZu6gB0Q,22 views,"Jul 24, 2020",[],1,0
https://www.youtube.com/watch?v=Dx2vG6qmtPs,"2,499 views","Jul 22, 2020",[],82,1
https://www.youtube.com/watch?v=4qZINLzwYyk,"16,725 views","Premiered Jun 5, 2020","['I had a great time speaking with Krish Naik and The Data Professor. Hopefully this conversation will lead to future collaborations down the road! In the comments,  please let us know what you thought of the conversation and if you would like to see more content similar to this. ', 'Probably this collaboration will lead to more collaboration and working with more people in the data science community..:)', '@Ken Jee, Thanks for organizing this. It was a great discussion. You forgot your name in the video title!', ""What's stupidity: the stupidity when you press dislike before you watching the video. Thanks for your effort guys and for those who pressed dislike go far away."", 'YouTube Nominated You For: \n\nCreator on the rise üòÑ Congratulations', ""I feel like I'm camping out in front of a store on Black Friday morning waiting for it to open so I can snag that amazing deal I've seen being advertised all week! üòÅ\nCan't wait to see this video !!"", 'This is cool because you three were already are my go-to for data science tutorials, advice, and such.  Its like you already knew who I was subscribed to. I wonder if you can see who the common data science channels your viewers subscribe to for more interesting panel talks like these. It is also reassuring and exciting to see the upskilling journey I have ahead of me.', 'This guy looks like Cody Ko and Noel Miller combined', 'Krish Naik, Ken Jee and Data Professor are underrated and deserve more recognition than u know whoever is dominating the current programming domain on youtube(as a millionaire). Thanks alot for helping those who aspire to be a data scientist or similar', 'I watch all 3 of you so this is great.']",536,44
https://www.youtube.com/watch?v=Y_ZZv--OI0s,"187,655 views","Sep 19, 2018","[""1.  It's all about your pictures 2.  Puppy photos.  There I saved you 23 mins"", 'Thanks Joma, now call Data Scientist of P*rnHub.\n\nEDIT: Thanks for the likes. I hope Joma looks this. üòÅ', '‚ÄúMy first year on tinder I went on one date‚Äù\n\n‚ÄúWell maybe you were just selective‚Äù', 'Information starts at 8:41', ""#1 don't be ugly"", 'Tinder is like two different apps for men and women', 'After  conferring with a data scientist, the data showed that my lack of success on Tinder could be attributed to a strong correlation between my face and ugliness.', 'Start of Video\n\nConclusion:\n- 99% of success is Photos', 'Am not a programmer but i have written hello world in a few different languages', '""I have friends"" \nJoma cries alone in a dark room after the interview']",3.3K,335
https://www.youtube.com/watch?v=JL_grPUnXzY,"43,179 views","Dec 9, 2019","['Data Scientist (n.): Person who is better at statistics than any software engineer and better at software engineering than any statistician.', 'Data science is the field of study that combines domain expertise, programming skills, and knowledge of mathematics and statistics to extract meaningful insights from data.', 'Data scientist is someone who knows real value of data. \nDS is process of churning the butter milk to get butter out of it.', 'Hello sir,\nAm saravanan,\nMy bro told to me learn data science \nAnd first I was watch your video ', 'Sir.. Dis Video is litüî•üíú\nI m studying in b.com 2nd year. I m weak in maths but good in statistics. Interested in data science.. What should I do..? Plz guide me', 'Data Science provide us a meaningful presentation of data from a huge heap of data. It is one kind of scientific procedure, combined with fields of statistics and computation to interpret data for decision making purposes.', 'sir i had seen u yesterday in live webinar on topic of how become a data scientist.. how should we follow the career ...(with krishna naik sir and two more peploe werer i dont exatcly his name but i would say that ur explaintion towards data science was mindblowing then i started to find ur youtube channel then finally i have founded )', 'Thank you for the things you share out here man =) I watched a lot of your videos and it helped me a lot and I AM A 100% SURE\n100% ACCURACY  that other people out there agree to what I am saying :) ', ""This is so interesting. I'm sure I would like to do this!üòä"", 'Data scientist concept is old now people should call themselves Data doctors.. you bring your unhealthy data to us and we will make it healthy n fine']",697,7
https://www.youtube.com/watch?v=R89MRUskvJ4,"18,562 views","Jun 17, 2020","['Guys! This offer is valid for new coursera account, so create new account then you will get this offer 100%', 'I am requesting to provide courses based on Electronics and communication Engg related if possible because data science and all computer science programming would not worth for me..So plz look forward to it if possible.', 'you really great brother. I have completed all  courses and got professional certificate at free of cost. Thank you so much!!', 'Sir ""HOTEL MANAGEMENT"" se related koi certificate course bataye.  \nPlease....üòÉüòÉüëçüëçüëç', 'One course with one account and 2nd second course with another account is that possible???', ""Sir really I'm be your fan now Bcz you have such a wast  knowledge about courses and certificates...\n\nKeep it up..."", 'Bro, I try it but shows only 7 days trial by your link!', 'Sir ,is this course content is similar to cognitive classes of IBM .if we have certified from cognitive class we need to do this course again .', 'Sir, please give free online course on IOT', 'Is there any Autodesk free course with certification ?']",689,57
https://www.youtube.com/watch?v=SbY1DhAgyGE,"28,750 views","Oct 17, 2018","['‡∏≠‡∏≤‡∏¢‡∏∏ 30 ‡πÅ‡∏•‡πâ‡∏ß ‡∏à‡∏ö‡∏ô‡∏¥‡πÄ‡∏ó‡∏®‡∏®‡∏≤‡∏™‡∏ï‡∏£‡πå‡∏°‡∏≤ ‡∏•‡∏á‡πÄ‡∏£‡∏µ‡∏¢‡∏ô‡πÇ‡∏ó‡∏™‡∏≤‡∏¢‡∏ô‡∏µ‡πâ ‡∏Å‡∏ß‡πà‡∏≤‡∏à‡∏∞‡∏à‡∏ö‡∏Å‡πá 32 ‡πÅ‡∏ö‡∏ö‡πÑ‡∏°‡πà‡∏°‡∏µ‡∏õ‡∏£‡∏∞‡∏™‡∏ö‡∏Å‡∏≤‡∏£‡∏ì‡πå‡∏á‡∏≤‡∏ô\n\n‡∏ï‡∏•‡∏≤‡∏î‡∏á‡∏≤‡∏ô‡∏à‡∏∞‡∏≠‡πâ‡∏≤‡πÅ‡∏Ç‡∏ô‡∏£‡∏±‡∏ö‡∏ú‡∏°‡πÑ‡∏´‡∏°‡∏Ñ‡∏£‡∏±‡∏ö ‡πÅ‡∏ï‡πà‡∏ö‡∏≠‡∏Å‡∏ï‡∏£‡∏á‡πÜ ‡∏ß‡πà‡∏≤‡∏™‡∏ô‡πÉ‡∏à‡∏à‡∏£‡∏¥‡∏á‡πÜ', '‡πÅ‡∏•‡πâ‡∏ß‡∏ä‡∏≤‡∏ß‡∏ö‡πâ‡∏≤‡∏ô‡∏à‡∏∞‡∏£‡∏π‡πâ‡πÄ‡∏£‡∏∑‡πà‡∏≠‡∏á‡πÑ‡∏´‡∏°‡πÄ‡∏ô‡∏µ‡πà‡∏¢?', '‡∏™‡πà‡∏á‡∏ï‡πà‡∏≠‡∏Ñ‡∏ß‡∏≤‡∏°‡∏£‡∏π‡πâ‡∏ô‡∏µ‡πâ‡πÉ‡∏´‡πâ 9arm ‡πÄ‡∏•‡∏¢‡∏Ñ‡∏£‡∏±‡∏ö ‡∏°‡∏≤‡πÄ‡∏õ‡πá‡∏ô‡∏ô‡∏±‡∏Å‡∏à‡∏±‡∏î‡∏´‡∏≤‡∏Ç‡πâ‡∏≠‡∏°‡∏π‡∏•‡∏Å‡∏±‡∏ô‡πÄ‡∏ñ‡∏≠‡∏∞!!!', 'Sound ‡∏õ‡∏£‡∏∞‡∏Å‡∏≠‡∏ö‡∏ä‡∏∑‡πà‡∏≠‡πÄ‡∏û‡∏•‡∏á‡∏≠‡∏∞‡πÑ‡∏£‡∏Ñ‡∏£‡∏±‡∏ö', ""I'm not understand üò≠üò≠"", '‡∏Ç‡∏≠‡∏ö‡∏Ñ‡∏∏‡∏ì‡∏Ñ‡∏£‡∏±‡∏ö ‡∏™‡∏≥‡∏´‡∏£‡∏±‡∏ö‡∏Ñ‡∏•‡∏¥‡∏õ‡∏î‡∏µ‡πÜ', '‡∏Ñ‡∏£‡∏π‡πÉ‡∏´‡πâ‡∏ó‡∏≥‡∏á‡∏≤‡∏ô?', '‡∏™‡πà‡∏ß‡∏ô‡πÉ‡∏´‡∏ç‡πà‡∏ó‡∏≥‡∏Å‡∏±‡∏ô‡πÄ‡∏≠‡∏á', '‡∏´‡∏¥‡∏ß‡∏Ç‡πâ‡∏≤‡∏ß‡∏à‡∏±‡∏á ‡πÄ‡∏¢‡πá‡∏ô‡∏ô‡∏µ‡∏µ‡∏Å‡∏¥‡∏ô‡∏≠‡∏∞‡πÑ‡∏£‡∏î‡∏µ', '‡∏á‡πà‡∏ß‡∏á‡∏ô‡∏≠‡∏ô‡∏à‡∏±‡∏á ‡∏ó‡∏≥‡πÑ‡∏á‡∏î‡∏µ']",475,7
https://www.youtube.com/watch?v=O8NMTHYgqMo,"18,181 views","Premiered May 15, 2019","['Total conflict of interest. ‚ÄúYou don‚Äôt need a college degree, but feel free to sign up to Skillshare with my affiliate link‚Äù Sure bud', 'I dont see how someone with an online course stands a chancw against someone with Computer Sciece/Stats/Econometrics', 'Not having a degree is the more difficult route, without a doubt.', 'No one will hire without college degree because data science requires heavy math (calculus and above)', ""Don't listen to this. He has a total conflict of interest."", '‚ÄúBetter odds than the lottery‚Äù that isn‚Äôt saying much', 'Interviewee has a voice like butter. That alone should be enough to take his course.', 'can you explain ""job satisfaction""?\n\naside from salary, you look at numbers on a monitor all day, there is very little creativity involved.', 'Matt you did it again. I needed this video because I‚Äôve been studying python and SQL for the past month and looking for a bundle data science course because I‚Äôm very pleased with this video. Thank you!', '@\'3. 1415926535\' replied to something I wrote (and then deleted his reply): ""Mort Kebab Einstein was a professor. Richard Feynman too. And many other geniuses.""\n\nYou mean, the plagiarist and the bomb-maker? 1. They never added anything of value to the world. 2. The documented likelihood is that their elevation in academia was politically-inspired in-group preference and cheating (see the demographic statistics for the ivy league universities). Thanks for making my point: no dragons here.']",537,60
https://www.youtube.com/watch?v=MGnXMu9GFig,"214,956 views","Dec 13, 2018","['üëå Want to ace the Data Science Interview? Over 1000 Data Science Practice Questions with model solutions: https://bit.ly/30ul0nX', ""I'm using DataQuest and I can confirm that in the end of each module there is a project to do on real data, so basically yes, you're doing a lot of projects. and personally I like it"", 'If trying Udemy go for -> Machine Learning A-Z course in Python and R language.\n\nI am enrolled in it and it is a hidden gem in Udemy.', 'Man, thank you! Your content is really tremendous!', ""A hidden gem on Python on Udemy (with a little small overlap with data science) is Python Mega Course with Ardit Sulce. All project based. I'm finding it so great. Much better than anything else on Udemy IMO. I'll check out dataquest. Would like to do an in-person Bootcamp one day."", ""What about the Microsoft data science certification course on Edx? It looks really interesting from a beginner's prospective"", 'I don‚Äôt think there is an oblivious hierarchy there.\ndatacamp and Dataquest are practice focused, explanations of notions are short or text-only, while Udemy courses(the good ones)are video lecture focused, could be used a supplement of Dataquest/datacamp.', 'your videos are great I request you to please provide your review on courseraIBM Data Science Professional Certificate', 'hi !!\nplease make a video on best projects for a beginner Data Science portfolio!!!\nthank you!! your videos are helpful!!!', 'This video was posted in 2018. Would you have other more recent recommendations as well?']",7.8K,75
https://www.youtube.com/watch?v=XEMmb-e5f98,5 views,"Jul 24, 2020",[],1,0
https://www.youtube.com/watch?v=ne7OzhfNqk8,"6,902 views","Jun 26, 2020","['üìåFollowing topics are covered in this video:\n01:04 - What is Statistics?\n\n03:05 - Why is Statistics importatnt?\n\n05:46 - Where is Statistics used?', 'This  company did not give me a refund when I requested it, despite me being fully entitled to one. I requested a refund from the online purchase days after I originally bought the course in error and I was told that I was not entitled to a refund, despite Consumer Contracts Regulations. I will be raising a formal complaint until I get my money back. Avoid this company at all costs.', 'I know one day I learn income strategy before engineering', 'Guys, what else do you want to learn from Intellipaat? Comment down below and let us know so we can create more such tutorials for you.', 'Is this video beneficial for a class 12 science student', 'First here.. Can you please make and upload a full fledged course on statistics for data analysis/data science and machine learning, which covers all the necessary topics?', 'Joo chaiye tha voo mil gyaa üòçüòç thanks you sooo much sir...  Bss algo pr maths me thodi problem aarhi thi ,  last machine learning video awesome thi üî•üî•\nThanks you soo much sirüôè‚úå‚úåüòç', 'Thanks intellipaat in your ML live session i request you to upload one video on ML maths and today you upload it. Really thanks for intellipaat', 'Is it only normal training or will there be project works regarding course', 'can you please some videos on applying ML algorithms on real time issues .']",228,10
https://www.youtube.com/watch?v=4SXv1YUejEk,420 views,,[],1,0
https://www.youtube.com/watch?v=C5JElgliTeE,"2,358 views","Aug 13, 2019","['Hi Jeffrey, This video has been really awesome and something which I have personally experienced while implementing the Projects related to Machine Learning. It gives me some good ideas which can be adopted or experimented in the Project Management for Data Analytics to get the best out of it. Thanks once again.', 'I‚Äôve worked as a data analyst/scientist in an agile framework for a while, and i had the exact issues that you mentioned. Thanks for the insights!', 'Rigor and reproducibility is huge. This is going to be the next frontier....']",52,4
https://www.youtube.com/watch?v=0PB3rqOg9Tw,"9,744 views","Jun 8, 2020","['Sir please make the video on ""Data Analysis with Python"" and ""Data visualization with Python"" for certification of IBM free course', ""Thank you Sir, Sir im got the badge but have't received the mail of certificate"", 'How can I download my e-certificate ?', 'Yesterday I subscribed you....today I clicked the bell button...', 'Great article.I have also completed the course.Thank You very much', 'Sir can you make the video on algorithms of ibm', 'Questions for all module will remain same as you shown or there are different sets?', 'Thanks Sir. You are just awesomeüôèüôèüëåüëå', 'Sir lab session is not getting open\nHelp me out please', 'Sir hm python ka pure course hu lekin certificate abhi tk nhi mila h kb milega']",510,7
https://www.youtube.com/watch?v=L_SZQKv5Cl0,"28,364 views","Nov 16, 2018","['Conhe√ßa os cursos online de data science da Udacity: http://bit.ly/2DpdX5M', 'Boa mat√©ria. Existe um ramo cient√≠fico que se beneficia muito dessa coisa de Data Science que √© a Astronomia, principalmente a chamada Astronomia Planet√°ria. As sondas fazem suas pesquisas por alguns poucos anos e enviam os dados para a Terra e os pesquisadores demoram, n√£o raro, d√©cadas para extrair informa√ß√µes como descoberta de exoplanetas (planetas fora do sistema solar), informa√ß√µes mais detalhadas de planetas do nosso sistema solar e informa√ß√µes sobre outros astros. Como os dados s√£o muitos, em muitos projetos astron√¥micos a an√°lise de dados √© feita inicialmente por algor√≠timos computacionais e ainda h√° casos em que s√£o testados programas de machine learning/intelig√™ncia artificial para ajuda em an√°lises de dados.', '""Eu sou formado em economia"",cara era simplesmente o que eu tava procurando.\nExcelente entrevista!', 'Cursos online mudou a minha vida', 'Sensacional! Veio muito a calhar √†s minhas d√∫vidas! Obrigado!', 'Modelo linear de previs√£o de pre√ßo de diamante, meu primeiro projeto tamb√©m em R gra√ßas a um curso da Udemy kk', 'Faz com o Reactjs', 'Quando eu vou receber o pagamento da propaganda?', 'E melhor fazer bacharelado ou tecnologo em ciencias de Dados ?', 'Como eu encontro os demais v√≠deos do assunto no canal?\nJ√° procurei nas playlists, mas n√£o achei']",1.8K,48
https://www.youtube.com/watch?v=MpLHMKTolVw,"369,887 views","May 17, 2019","[""ooof. all the science in the world couldn't stop Kawhi in that series"", 'What‚Äôs the percentage of Ben Simmons developing a jumper??', 'She has a better jump shot than the sixers star point guard. Lol', 'She has the perfect dream career!', ""After  2   weeks of study, the 10-man analytics team presented their result to the coaching staff. Simmons can't make a three."", ""She's probably paid more than most WNBA players..."", 'great content Bloomberg!! As a current PhD student who works in Data Science and is a huge huge sports fan, this video really inspired me! THANK YOU !!', ""I don't know why she would doubt herself getting the job, she seemed like the ideal candidate. Gender aside, how many math majors also played D1 basketball?"", 'Ivana is living the dream! From Croatia to the NBA üôåüèΩ', 'I bet her data says, get rid of Ben Simmons.']",10K,302
https://www.youtube.com/watch?v=zdc2v-D7Rmg,"38,978 views","Nov 9, 2018",[],51,2
https://www.youtube.com/watch?v=Bl2sBiVdZHs,"54,945 views","Jul 17, 2019","['""deita"" :v', 'No esperes obtener las habilidades y conocimientos que requiere un data scientist con un curso en l√≠nea. Se necesita una base fuerte de conocimientos de estad√≠stica, algebra lineal, l√≥gica y machine learning, adem√°s de saber programar, y para adquirir esta base tienes que consultar decenas de libros y cursos. En pocas palabras, no te conformes con lo que Platzi te da.', 'C√≤mo ha usado platzi el data science ?', 'Entr√© al link y me dio error, tal vez les interese revisar el link! Saludos!', '3.52 minutos y me parecio una eternidad... solo Freddy puede hacer que 30 minutos se vayan r√°pido', ""Quiero ser Data Scientist :'v"", 'Saludos. Primer comentario. Siempre atento Platzi', 'Que le pas√≥ se√±or Freddy? :o Se ve diferente', 'Suena muy parecido a la inteligencia epidemiol√≥gica. En cuanto termine mis estudios  har√© este curso, seguro que me ir√° muy bien.', 'Muy interesante, justo ahora estoy tomando un curso de Machine Learning y los primeros m√≥dulos tratan sobre el manejo de datos, estos son los fundamentos del Machine Learning.']",1.6K,45
https://www.youtube.com/watch?v=3BRLGRqj8ps,"104,298 views","Nov 3, 2015","['This is amazing because it took me a long time to learn everything he is giving in a 30 min speech... no one gave me this knowledge, i had to seek it myself. The audience should count themselves lucky.', ""Great video, although, contrary to the title, there is little about the interview itself. It's more about job search and getting to the interview. Then there is one interview experience with SQL (yes, SELECTs are easy, but SQL can get deeply abstract and difficult!!!). Anyhow, thanks again."", 'Amazing speech! Thank you!', 'This is like getting the best Search Career Advice when your Universities Career Team is lacking in placement priority.', 'I have one question for you. How do you negotiate the pay (salary)? Thanks', 'Really well done!', 'Thanks, Kamradt. Really helpful.', 'Thanks for posting this! Would you happen to know how many candidates do companies interview for each post?', '""So...so...so...so...""', 'Great video, thank you very much for sharing']",2K,34
https://www.youtube.com/watch?v=LZTMwaNAMuU,85 views,"Jul 24, 2020",[],9,0
